id,name,code,notificationEmail,alertEmail
,nombre 1,d1,d1@gmail.com,dd1@gmail.com
,nombre 2,d2,d1@gmail.com,dd1@gmail.com
,nombre 3,d3,d1@gmail.com,dd1@gmail.com
,nombre 4,d4,d1@gmail.com,dd1@gmail.com
,nombre 5,d5,d1@gmail.com,dd1@gmail.com
,nombre 6,d6,d1@gmail.com,dd1@gmail.com
,nombre 7,d7,d1@gmail.com,dd1@gmail.com
,nombre 8,d8,d1@gmail.com,dd1@gmail.com
,nombre 9,d9,d1@gmail.com,dd1@gmail.com
,nombre 10,d10,d1@gmail.com,dd1@gmail.com
,nombre 11,d11,d1@gmail.com,dd1@gmail.com
,nombre 12,d12,d1@gmail.com,dd1@gmail.com
,nombre 13,d13,d1@gmail.com,dd1@gmail.com
,nombre 14,d14,d1@gmail.com,dd1@gmail.com
,nombre 15,d15,d1@gmail.com,dd1@gmail.com
,nombre 16,d16,d1@gmail.com,dd1@gmail.com
,nombre 17,d17,d1@gmail.com,dd1@gmail.com
,nombre 18,d18,d1@gmail.com,dd1@gmail.com
,nombre 19,d19,d1@gmail.com,dd1@gmail.com
,nombre 20,d20,d1@gmail.com,dd1@gmail.com